<?xml version="1.0" encoding="UTF-8"?>
<project-private xmlns="http://www.netbeans.org/ns/project-private/1">
    <editor-bookmarks xmlns="http://www.netbeans.org/ns/editor-bookmarks/2" lastBookmarkId="0"/>
    <open-files xmlns="http://www.netbeans.org/ns/projectui-open-files/2">
        <group>
            <file>file:/Users/jmoon/Documents/Coding/2024-fall-cggp/FPS/src/mygame/GunAppState.java</file>
            <file>file:/Users/jmoon/Documents/Coding/2024-fall-cggp/FPS/src/mygame/GUIAppState.java</file>
            <file>file:/Users/jmoon/Documents/Coding/2024-fall-cggp/FPS/src/mygame/ShadowManager.java</file>
            <file>file:/Users/jmoon/Documents/Coding/2024-fall-cggp/FPS/src/mygame/TargetAppState.java</file>
            <file>file:/Users/jmoon/Documents/Coding/2024-fall-cggp/FPS/src/mygame/core/BaseGameState.java</file>
            <file>file:/Users/jmoon/Documents/Coding/2024-fall-cggp/FPS/src/mygame/CollisionListener.java</file>
            <file>file:/Users/jmoon/Documents/Coding/2024-fall-cggp/FPS/src/mygame/core/EventBus.java</file>
            <file>file:/Users/jmoon/Documents/Coding/2024-fall-cggp/FPS/src/mygame/combat/ShootingSystem.java</file>
            <file>file:/Users/jmoon/Documents/Coding/2024-fall-cggp/FPS/src/mygame/ModelLoaderAppState.java</file>
            <file>file:/Users/jmoon/Documents/Coding/2024-fall-cggp/FPS/src/mygame/SceneAppState.java</file>
            <file>file:/Users/jmoon/Documents/Coding/2024-fall-cggp/FPS/src/mygame/GameEvent.java</file>
            <file>file:/Users/jmoon/Documents/Coding/2024-fall-cggp/FPS/src/mygame/Main.java</file>
            <file>file:/Users/jmoon/Documents/Coding/2024-fall-cggp/FPS/src/mygame/MusicAppState.java</file>
            <file>file:/Users/jmoon/Documents/Coding/2024-fall-cggp/FPS/src/mygame/TargetControl.java</file>
            <file>file:/Users/jmoon/Documents/Coding/2024-fall-cggp/FPS/src/mygame/player/HealthSystem.java</file>
            <file>file:/Users/jmoon/Documents/Coding/2024-fall-cggp/FPS/src/mygame/TargetFactory.java</file>
            <file>file:/Users/jmoon/Documents/Coding/2024-fall-cggp/FPS/src/mygame/PlayerAppState.java</file>
            <file>file:/Users/jmoon/Documents/Coding/2024-fall-cggp/FPS/src/mygame/PauseMenuState.java</file>
        </group>
    </open-files>
</project-private>
